Gantry,Start Date,End Date,Real kWh,Predicted kWh,Error kWh,Accuracy (%)
01F0233N,2024-04-29,2024-06-26,2453,2881.49,428.49,82.53
01F0233N,2024-06-27,2024-08-28,2672,3131.01,459.01,82.82
01F0233N,2024-08-29,2024-10-29,2605,3048.57,443.57,82.97
01F0233N,2024-10-30,2024-12-26,2294,2723.57,429.57,81.27
01F0256N,2024-02-27,2024-05-02,2645,3198.95,553.95,79.06
01F0256N,2024-05-03,2024-07-01,2486,2934.65,448.65,81.95
01F0256N,2024-07-02,2024-09-02,2651,3132.54,481.54,81.84
01F0256N,2024-09-03,2024-11-03,2558,3037.72,479.72,81.25
01F0256N,2024-11-04,2024-12-29,2215,2626.39,411.39,81.43
01F0213N,2024-04-25,2024-06-24,2287,2331.46,44.46,98.06
01F0213N,2024-06-25,2024-08-26,2428,2454.02,26.02,98.93
01F0213N,2024-08-27,2024-10-27,2406,2392.8,-13.2,99.45
01F0213N,2024-10-28,2024-12-24,2087,2165.5,78.5,96.24
01H0200N,2024-04-18,2024-06-18,2091,2369.5,278.5,86.68
01H0200N,2024-06-19,2024-08-19,2180,2410.47,230.47,89.43
01H0200N,2024-08-20,2024-10-20,2190,2397.86,207.86,90.51
01H0200N,2024-10-21,2024-12-18,1960,2216.33,256.33,86.92
03F0301S,2024-03-25,2024-05-23,3465,2874.74,-590.26,82.97
03F0301S,2024-05-24,2024-07-25,3678,3096.0,-582.0,84.18
03F0301S,2024-07-26,2024-09-24,3527,3016.15,-510.85,85.52
03F0301S,2024-09-25,2024-11-25,3479,2933.65,-545.35,84.32
03F0301S,2024-04-25,2024-06-24,4536,2950.32,-1585.68,65.04
03F0301S,2024-06-25,2024-08-26,4799,3118.6,-1680.4,64.98
03F0301S,2024-08-27,2024-10-27,4621,3020.77,-1600.23,65.37
03F0301S,2024-10-28,2024-12-24,4056,2678.03,-1377.97,66.03
03F0337S,2024-04-11,2024-06-11,2258,2983.24,725.24,67.88
03F0337S,2024-06-12,2024-08-12,2313,3064.16,751.16,67.52
03F0337S,2024-08-13,2024-10-13,2278,3043.28,765.28,66.41
03F0337S,2024-10-14,2024-12-11,2088,2751.1,663.1,68.24
03F0338N,2024-04-11,2024-06-11,2263,2983.24,720.24,68.17
03F0338N,2024-06-12,2024-08-12,2286,3064.16,778.16,65.96
03F0338N,2024-08-13,2024-10-13,2258,3043.28,785.28,65.22
03F0338N,2024-10-14,2024-12-11,2081,2751.1,670.1,67.8
03F0301S,2024-04-29,2024-06-26,4020,2856.8,-1163.2,71.06
03F0301S,2024-06-27,2024-08-28,4321,3119.37,-1201.63,72.19
03F0301S,2024-08-29,2024-10-29,4180,3017.55,-1162.45,72.19
03F0301S,2024-10-30,2024-12-26,3804,2674.15,-1129.85,70.3
03F0394S,2024-03-04,2024-05-05,3939,4171.93,232.93,94.09
03F0394S,2024-05-06,2024-07-02,3740,3864.45,124.45,96.67
03F0394S,2024-07-03,2024-09-03,4112,4260.0,148.0,96.4
03F0394S,2024-09-04,2024-11-04,3985,4129.87,144.87,96.36
03F0394S,2024-03-15,2024-05-16,5554,4171.93,-1382.07,75.12
03F0394S,2024-05-17,2024-07-15,4828,4016.59,-811.41,83.19
03F0394S,2024-07-16,2024-09-17,5405,4326.47,-1078.53,80.05
03F0394S,2024-09-18,2024-11-17,4331,4021.72,-309.28,92.86
03A0041S,2024-03-14,2024-05-15,3096,2794.55,-301.45,90.26
03A0041S,2024-05-16,2024-07-14,2810,2717.03,-92.97,96.69
03A0041S,2024-07-15,2024-09-15,3277,2889.66,-387.34,88.18
03A0041S,2024-09-16,2024-11-14,2882,2651.16,-230.84,91.99
03F0006S,2024-04-10,2024-06-10,2153,2391.31,238.31,88.93
03F0006S,2024-06-11,2024-08-11,2253,2430.33,177.33,92.13
03F0006S,2024-08-12,2024-10-10,2137,2340.23,203.23,90.49
03F0006S,2024-10-11,2024-12-10,2078,2331.21,253.21,87.81
03F0054N,2024-04-10,2024-06-10,2145,2391.31,246.31,88.52
03F0054N,2024-06-11,2024-08-11,2383,2430.33,47.33,98.01
03F0054N,2024-08-12,2024-10-10,2300,2340.23,40.23,98.25
03F0054N,2024-10-11,2024-12-10,2359,2331.21,-27.79,98.82
01F0029S,2024-04-12,2024-06-12,3186,2805.41,-380.59,88.05
01F0029S,2024-06-13,2024-08-13,3269,2868.65,-400.35,87.75
01F0029S,2024-08-14,2024-10-14,3258,2837.22,-420.78,87.08
01F0029S,2024-10-15,2024-12-12,2990,2596.98,-393.02,86.86
01F0017S,2024-04-12,2024-06-12,3276,2805.41,-470.59,85.64
01F0017S,2024-06-13,2024-08-13,3035,2868.65,-166.35,94.52
01F0017S,2024-08-14,2024-10-14,3447,2837.22,-609.78,82.31
01F0017S,2024-10-15,2024-12-12,2934,2596.98,-337.02,88.51
01F0005N,2024-04-12,2024-06-12,1819,2805.41,986.41,45.77
01F0005N,2024-06-13,2024-08-13,2019,2868.65,849.65,57.92
01F0005N,2024-08-14,2024-10-14,2857,2837.22,-19.78,99.31
01F0005N,2024-10-15,2024-12-12,2023,2596.98,573.98,71.63
01F0005S,2024-04-12,2024-06-12,1813,2805.41,992.41,45.26
01F0005S,2024-06-13,2024-08-13,1960,2868.65,908.65,53.64
01F0005S,2024-08-14,2024-10-14,2807,2837.22,30.22,98.92
01F0005S,2024-10-15,2024-12-12,1942,2596.98,654.98,66.27
01F0061S,2024-03-28,2024-05-28,3577,3854.41,277.41,92.24
01F0061S,2024-05-29,2024-08-01,3804,4124.71,320.71,91.57
01F0061S,2024-08-02,2024-10-01,3621,3874.18,253.18,93.01
01F0061S,2024-10-02,2024-12-02,3598,3754.62,156.62,95.65
03F0021N,2024-04-10,2024-06-10,2067,2391.31,324.31,84.31
03F0021N,2024-06-11,2024-08-11,2298,2430.33,132.33,94.24
03F0021N,2024-08-12,2024-10-10,2201,2340.23,139.23,93.67
03F0021N,2024-10-11,2024-12-10,2088,2331.21,243.21,88.35
03F0116S,2024-04-25,2024-06-24,3255,2622.09,-632.91,80.56
03F0116S,2024-06-25,2024-08-26,3451,2768.75,-682.25,80.23
03F0116S,2024-08-27,2024-10-27,3338,2686.44,-651.56,80.48
03F0116S,2024-10-28,2024-12-24,2972,2488.71,-483.29,83.74
01F0099N,2024-03-28,2024-05-28,4954,2653.27,-2300.73,53.56
01F0099N,2024-05-29,2024-08-01,5327,2844.49,-2482.51,53.4
01F0099N,2024-08-02,2024-10-01,4753,2667.89,-2085.11,56.13
01F0099N,2024-10-02,2024-12-02,4737,2624.7,-2112.3,55.41
03F0087S,2024-04-01,2024-05-29,1510,2273.97,763.97,49.41
03F0087S,2024-05-30,2024-08-04,3371,2619.35,-751.65,77.7
03F0087S,2024-08-05,2024-10-02,2069,2309.63,240.63,88.37
03F0087S,2024-10-03,2024-12-03,2104,2376.87,272.87,87.03
05F0309S,2024-04-11,2024-06-11,3181,2899.94,-281.06,91.16
05F0309S,2024-06-12,2024-08-12,3418,2880.44,-537.56,84.27
05F0309S,2024-08-13,2024-10-13,3455,2876.37,-578.63,83.25
05F0309S,2024-10-14,2024-12-11,3206,2595.94,-610.06,80.97
05F0528N,2024-03-26,2024-05-26,1976,2172.46,196.46,90.06
05F0528N,2024-05-27,2024-07-28,2107,2258.85,151.85,92.79
05F0528N,2024-07-29,2024-09-25,1943,2125.37,182.37,90.61
05F0528N,2024-09-26,2024-11-26,1958,2144.71,186.71,90.46
05F0494S,2024-04-03,2024-06-04,2064,2209.38,145.38,92.96
05F0494S,2024-06-05,2024-08-06,2175,2267.63,92.63,95.74
05F0494S,2024-08-07,2024-10-06,2096,2188.39,92.39,95.59
05F0494S,2024-10-07,2024-12-05,1950,2058.09,108.09,94.46
05FR113S,2024-03-06,2024-05-07,3191,3591.85,400.85,87.44
05FR113S,2024-05-08,2024-07-04,3075,3290.53,215.53,92.99
05FR113S,2024-07-05,2024-09-05,3405,3599.48,194.48,94.29
05FR113S,2024-09-06,2024-11-06,3185,3512.04,327.04,89.73
05F0287S,2024-03-19,2024-05-20,3163,2957.14,-205.86,93.49
05F0287S,2024-05-21,2024-07-17,3025,2690.96,-334.04,88.96
05F0287S,2024-07-18,2024-09-19,3383,2981.98,-401.02,88.15
05F0287S,2024-09-20,2024-11-19,3065,2755.24,-309.76,89.89
05F0439S,2024-04-10,2024-06-10,1819,2900.87,1081.87,40.52
05F0439S,2024-06-11,2024-08-11,2116,2879.98,763.98,63.9
05F0439S,2024-08-12,2024-10-10,1918,2786.08,868.08,54.74
05F0439S,2024-10-11,2024-12-10,1851,2690.21,839.21,54.66
05F0438N,2024-04-10,2024-06-10,1962,2900.87,938.87,52.15
05F0438N,2024-06-11,2024-08-11,2238,2879.98,641.98,71.31
05F0438N,2024-08-12,2024-10-10,2116,2786.08,670.08,68.33
05F0438N,2024-10-11,2024-12-10,2012,2690.21,678.21,66.29
01F0532S,2024-04-12,2024-06-12,3827,4095.23,268.23,92.99
01F0532S,2024-06-13,2024-08-13,4038,4136.69,98.69,97.56
01F0532S,2024-08-14,2024-10-14,3997,4131.59,134.59,96.63
01F0532S,2024-10-15,2024-12-12,3646,3802.4,156.4,95.71
01H0447N,2024-03-14,2024-05-15,2216,3208.34,992.34,55.22
01H0447N,2024-05-16,2024-07-14,2216,3113.81,897.81,59.49
01H0447N,2024-07-15,2024-09-15,2318,3303.7,985.7,57.48
01H0447N,2024-09-16,2024-11-14,2133,3048.8,915.8,57.07
01F0492N,2024-03-14,2024-05-15,4569,2170.4,-2398.6,47.5
01F0492N,2024-05-16,2024-07-14,4435,2119.41,-2315.59,47.79
01F0492N,2024-07-15,2024-09-15,4622,2260.78,-2361.22,48.91
01F0492N,2024-09-16,2024-11-14,4181,2063.32,-2117.68,49.35
01H0447S,2024-04-18,2024-06-18,2176,3177.88,1001.88,53.96
01H0447S,2024-06-19,2024-08-19,2240,3255.01,1015.01,54.69
01H0447S,2024-08-20,2024-10-20,2280,3207.22,927.22,59.33
01H0447S,2024-10-21,2024-12-18,2015,2914.24,899.24,55.37
01H0608N,2024-03-26,2024-05-26,2184,2335.85,151.85,93.05
01H0608N,2024-05-27,2024-07-28,2213,2419.37,206.37,90.67
01H0608N,2024-07-29,2024-09-25,2178,2267.22,89.22,95.9
01H0608N,2024-09-26,2024-11-26,2134,2301.45,167.45,92.15
01H0610S,2024-04-15,2024-06-13,2060,2267.75,207.75,89.91
01H0610S,2024-06-14,2024-08-14,2289,2391.57,102.57,95.52
01H0610S,2024-08-15,2024-10-15,2234,2362.73,128.73,94.24
01H0610S,2024-10-16,2024-12-15,2086,2224.04,138.04,93.38
01H0579S,2024-04-16,2024-06-16,4511,3175.61,-1335.39,70.4
01H0579S,2024-06-17,2024-08-15,4912,3149.02,-1762.98,64.11
01H0579S,2024-08-16,2024-10-16,4920,3214.05,-1705.95,65.33
01H0579S,2024-10-17,2024-12-16,4489,3020.86,-1468.14,67.29
01F0557S,2024-04-18,2024-06-18,3791,4096.85,305.85,91.93
01F0557S,2024-06-19,2024-08-19,4061,4140.02,79.02,98.05
01F0557S,2024-08-20,2024-10-20,3977,4125.79,148.79,96.26
01F0557S,2024-10-21,2024-12-18,3652,3785.62,133.62,96.34
01F0681S,2024-04-03,2024-06-04,3881,3212.89,-668.11,82.79
01F0681S,2024-06-05,2024-08-06,4074,3300.99,-773.01,81.03
01F0681S,2024-08-07,2024-10-06,3825,3178.58,-646.42,83.1
01F0681S,2024-10-07,2024-12-05,3856,2997.42,-858.58,77.73
01F0664S,2024-04-08,2024-06-05,3551,3010.32,-540.68,84.77
01F0664S,2024-06-06,2024-08-07,3740,3301.46,-438.54,88.27
01F0664S,2024-08-08,2024-10-07,3610,3176.88,-433.12,88.0
01F0664S,2024-10-08,2024-12-08,3520,3091.6,-428.4,87.83
03F0648S,2024-03-14,2024-05-15,3591,3208.34,-382.66,89.34
03F0648S,2024-05-16,2024-07-14,3564,3113.81,-450.19,87.37
03F0648S,2024-07-15,2024-09-15,1817,3303.7,1486.7,18.18
03F0648S,2024-09-16,2024-11-14,40,3048.8,3008.8,-7421.99
03F0698S,2024-04-25,2024-06-24,3332,3133.77,-198.23,94.05
03F0698S,2024-06-25,2024-08-26,3408,3310.35,-97.65,97.13
03F0698S,2024-08-27,2024-10-27,3521,3195.27,-325.73,90.75
03F0698S,2024-10-28,2024-12-24,3210,2848.48,-361.52,88.74
03F0746S,2024-04-29,2024-06-26,4117,3400.35,-716.65,82.59
03F0746S,2024-06-27,2024-08-28,4378,3696.72,-681.28,84.44
03F0746S,2024-08-29,2024-10-29,4424,3556.27,-867.73,80.39
03F0746S,2024-10-30,2024-12-26,3560,3172.98,-387.02,89.13
01H0305S,2024-03-27,2024-05-27,2368,2543.23,175.23,92.6
01H0305S,2024-05-28,2024-07-29,2470,2624.62,154.62,93.74
01H0305S,2024-07-30,2024-09-26,2334,2469.57,135.57,94.19
01H0305S,2024-09-27,2024-11-27,2372,2505.61,133.61,94.37
01F0293S,2024-04-25,2024-06-24,4088,2976.75,-1111.25,72.82
01F0293S,2024-06-25,2024-08-26,4339,3130.35,-1208.65,72.14
01F0293S,2024-08-27,2024-10-27,3986,3050.98,-935.02,76.54
01F0293S,2024-10-28,2024-12-24,3881,2726.74,-1154.26,70.26
01F0264S,2024-04-01,2024-05-29,2399,2859.66,460.66,80.8
01F0264S,2024-05-30,2024-08-04,2856,3318.75,462.75,83.8
01F0264S,2024-08-05,2024-10-02,2468,2932.13,464.13,81.19
01F0264S,2024-10-03,2024-12-03,2542,2953.7,411.7,83.8
01H0271N,2024-04-08,2024-06-05,2206,2832.59,626.59,71.6
01H0271N,2024-06-06,2024-08-07,2498,3111.3,613.3,75.45
01H0271N,2024-08-08,2024-10-07,2372,3003.47,631.47,73.38
01H0271N,2024-10-08,2024-12-08,2272,2900.45,628.45,72.34
01H0333N,2024-03-18,2024-05-19,2194,2418.89,224.89,89.75
01H0333N,2024-05-20,2024-07-16,2103,2251.27,148.27,92.95
01H0333N,2024-07-17,2024-09-18,2344,2514.64,170.64,92.72
01H0333N,2024-09-19,2024-11-18,2145,2320.13,175.13,91.84
01H0334S,2024-03-25,2024-05-23,2088,2303.7,215.7,89.67
01H0334S,2024-05-24,2024-07-25,2319,2451.35,132.35,94.29
01H0334S,2024-07-26,2024-09-24,2214,2395.85,181.85,91.79
01H0334S,2024-09-25,2024-11-25,2189,2345.66,156.66,92.84
01F0339S,2024-03-25,2024-05-23,2825,2873.84,48.84,98.27
01F0339S,2024-05-24,2024-07-25,2924,3062.87,138.87,95.25
01F0339S,2024-07-26,2024-09-24,2818,2977.43,159.43,94.34
01F0339S,2024-09-25,2024-11-25,2769,2936.31,167.31,93.96
03F0525S,2024-03-27,2024-05-27,4051,4091.99,40.99,98.99
03F0525S,2024-05-28,2024-07-29,4155,4193.33,38.33,99.08
03F0525S,2024-07-30,2024-09-26,3924,3944.62,20.62,99.47
03F0525S,2024-09-27,2024-11-27,4138,4042.62,-95.38,97.69
03F0559S,2024-04-15,2024-06-13,3770,3963.51,193.51,94.87
03F0559S,2024-06-14,2024-08-14,3964,4137.25,173.25,95.63
03F0559S,2024-08-15,2024-10-15,3966,4130.62,164.62,95.85
03F0559S,2024-10-16,2024-12-15,3768,3925.73,157.73,95.81
03F0498S,2024-03-07,2024-05-08,3853,4157.99,304.99,92.08
03F0498S,2024-05-09,2024-07-07,3722,3974.67,252.67,93.21
03F0498S,2024-07-08,2024-09-08,3954,4213.24,259.24,93.44
03F0498S,2024-09-09,2024-11-07,3651,3962.61,311.61,91.47
01F0928S,2024-03-11,2024-05-12,2262,3602.39,1340.39,40.74
01F0928S,2024-05-13,2024-07-09,2228,3362.38,1134.38,49.09
01F0928S,2024-07-10,2024-09-10,2502,3690.31,1188.31,52.51
01F0928S,2024-09-11,2024-11-11,2380,3523.56,1143.56,51.95
01F0950S,2024-04-11,2024-06-11,3968,3556.5,-411.5,89.63
01F0950S,2024-06-12,2024-08-12,4113,3633.12,-479.88,88.33
01F0950S,2024-08-13,2024-10-13,4056,3588.67,-467.33,88.48
01F0950S,2024-10-14,2024-12-11,3728,3272.38,-455.62,87.78
01F0956N,2024-04-17,2024-06-17,2205,3562.65,1357.65,38.43
01F0956N,2024-06-18,2024-08-18,2636,3635.14,999.14,62.1
01F0956N,2024-08-19,2024-10-17,2478,3463.48,985.48,60.23
01F0956N,2024-10-18,2024-12-17,2376,3368.26,992.26,58.24
01F0880S,2024-04-11,2024-06-11,3744,3556.5,-187.5,94.99
01F0880S,2024-06-12,2024-08-12,3964,3633.12,-330.88,91.65
01F0880S,2024-08-13,2024-10-13,3990,3588.67,-401.33,89.94
01F0880S,2024-10-14,2024-12-11,3655,3272.38,-382.62,89.53
03F0846S,2024-04-12,2024-06-12,3585,3557.52,-27.48,99.23
03F0846S,2024-06-13,2024-08-13,3800,3633.45,-166.55,95.62
03F0846S,2024-08-14,2024-10-14,3685,3586.64,-98.36,97.33
03F0846S,2024-10-15,2024-12-12,3438,3269.52,-168.48,95.1
03F1022N,2024-04-24,2024-06-23,3214,3511.63,297.63,90.74
03F1022N,2024-06-24,2024-08-25,3636,3695.71,59.71,98.36
03F1022N,2024-08-26,2024-10-24,3232,3449.3,217.3,93.28
03F1022N,2024-10-25,2024-12-23,3109,3294.59,185.59,94.03
01F1045N,2024-04-25,2024-06-24,3477,3512.66,35.66,98.97
01F1045N,2024-06-25,2024-08-26,3816,3696.05,-119.95,96.86
01F1045N,2024-08-27,2024-10-27,3592,3560.32,-31.68,99.12
01F1045N,2024-10-28,2024-12-24,3491,3178.7,-312.3,91.05
01F0979N,2024-03-21,2024-05-21,2669,3427.73,758.73,71.57
01F0979N,2024-05-22,2024-07-23,2717,3538.91,821.91,69.75
01F0979N,2024-07-24,2024-09-22,2651,3437.89,786.89,70.32
01F0979N,2024-09-23,2024-11-21,2622,3284.11,662.11,74.75
03F0996S,2024-03-22,2024-05-22,3903,3427.73,-475.27,87.82
03F0996S,2024-05-23,2024-07-24,3964,3540.19,-423.81,89.31
03F0996S,2024-07-25,2024-09-23,4016,3437.39,-578.61,85.59
03F0996S,2024-09-24,2024-11-24,3688,3390.95,-297.05,91.95
01F1839S,2024-04-12,2024-06-12,3635,3238.45,-396.55,89.09
01F1839S,2024-06-13,2024-08-13,3840,3330.71,-509.29,86.74
01F1839S,2024-08-14,2024-10-14,3785,3289.24,-495.76,86.9
01F1839S,2024-10-15,2024-12-12,3482,3000.05,-481.95,86.16
03F1860N,2024-03-04,2024-05-05,3586,3268.26,-317.74,91.14
03F1860N,2024-05-06,2024-07-02,3200,3067.71,-132.29,95.87
03F1860N,2024-07-03,2024-09-03,3817,3383.14,-433.86,88.63
03F1860N,2024-09-04,2024-11-04,3313,3252.78,-60.22,98.18
03F1779N,2024-03-13,2024-05-14,3480,3268.26,-211.74,93.92
03F1779N,2024-05-15,2024-07-11,3182,3084.18,-97.82,96.93
03F1779N,2024-07-12,2024-09-12,3527,3376.9,-150.1,95.74
03F1779N,2024-09-13,2024-11-13,3371,3231.19,-139.81,95.85
03F1651S,2024-04-15,2024-06-13,3345,3136.54,-208.46,93.77
03F1651S,2024-06-14,2024-08-14,3615,3330.75,-284.25,92.14
03F1651S,2024-08-15,2024-10-15,3440,3287.71,-152.29,95.57
03F1651S,2024-10-16,2024-12-15,3174,3096.27,-77.73,97.55
03F1633N,2024-04-16,2024-06-16,3313,3245.81,-67.19,97.97
03F1633N,2024-06-17,2024-08-15,3505,3223.37,-281.63,91.96
03F1633N,2024-08-16,2024-10-16,3364,3286.17,-77.83,97.69
03F1633N,2024-10-17,2024-12-16,3196,3093.53,-102.47,96.79
01F1621N,2024-03-18,2024-05-19,3383,3268.26,-114.74,96.61
01F1621N,2024-05-20,2024-07-16,3440,3093.33,-346.67,89.92
01F1621N,2024-07-17,2024-09-18,3632,3426.44,-205.56,94.34
01F1621N,2024-09-19,2024-11-18,3518,3166.19,-351.81,90.0
01F1664S,2024-03-08,2024-05-09,4144,3102.91,-1041.09,74.88
01F1664S,2024-05-10,2024-07-08,4080,2988.7,-1091.3,73.25
01F1664S,2024-07-09,2024-09-09,4302,3174.29,-1127.71,73.79
01F1664S,2024-09-10,2024-11-10,4075,3075.21,-999.79,75.47
01F1699S,2024-03-04,2024-05-05,3800,3268.26,-531.74,86.01
01F1699S,2024-05-06,2024-07-02,3567,3067.71,-499.29,86.0
01F1699S,2024-07-03,2024-09-03,3898,3383.14,-514.86,86.79
01F1699S,2024-09-04,2024-11-04,3625,3252.78,-372.22,89.73
01F1572S,2024-04-18,2024-06-18,3339,3249.49,-89.51,97.32
01F1572S,2024-06-19,2024-08-19,3463,3330.98,-132.02,96.19
01F1572S,2024-08-20,2024-10-20,3310,3280.02,-29.98,99.09
01F1572S,2024-10-21,2024-12-18,3014,2983.59,-30.41,98.99
03F2078N,2024-04-02,2024-06-03,2494,3105.47,611.47,75.48
03F2078N,2024-06-04,2024-08-05,2539,3163.62,624.62,75.4
03F2078N,2024-08-06,2024-10-03,2359,2963.81,604.81,74.36
03F2078N,2024-10-04,2024-12-04,2400,3035.89,635.89,73.5
03F2079S,2024-04-02,2024-06-03,2561,3105.47,544.47,78.74
03F2079S,2024-06-04,2024-08-05,2613,3163.62,550.62,78.93
03F2079S,2024-08-06,2024-10-03,2422,2963.81,541.81,77.63
03F2079S,2024-10-04,2024-12-04,2466,3035.89,569.89,76.89
03F1710N,2024-03-06,2024-05-07,3601,3268.26,-332.74,90.76
03F1710N,2024-05-08,2024-07-04,3373,3071.37,-301.63,91.06
03F1710N,2024-07-05,2024-09-05,3726,3381.75,-344.25,90.76
03F1710N,2024-09-06,2024-11-06,3486,3247.99,-238.01,93.17
03F1739S,2024-03-06,2024-05-07,3435,3268.26,-166.74,95.15
03F1739S,2024-05-08,2024-07-04,2173,3071.37,898.37,58.66
03F1739S,2024-07-05,2024-09-05,4561,3381.75,-1179.25,74.14
03F1739S,2024-09-06,2024-11-06,3529,3247.99,-281.01,92.04
03F1992N,2024-03-25,2024-05-23,4816,3112.63,-1703.37,64.63
03F1992N,2024-05-24,2024-07-25,5099,3369.18,-1729.82,66.08
03F1992N,2024-07-26,2024-09-24,4811,3261.15,-1549.85,67.79
03F1992N,2024-09-25,2024-11-25,4831,3202.41,-1628.59,66.29
03F1944S,2024-03-26,2024-05-26,2165,3216.38,1051.38,51.44
03F1944S,2024-05-27,2024-07-28,2434,3374.68,940.68,61.35
03F1944S,2024-07-29,2024-09-25,2150,3153.04,1003.04,53.35
03F1944S,2024-09-26,2024-11-26,2261,3200.01,939.01,58.47
03F1941N,2024-03-26,2024-05-26,2132,3216.38,1084.38,49.14
03F1941N,2024-05-27,2024-07-28,2633,3374.68,741.68,71.83
03F1941N,2024-07-29,2024-09-25,2258,3153.04,895.04,60.36
03F1941N,2024-09-26,2024-11-26,2264,3200.01,936.01,58.66
01F2089S,2024-03-26,2024-05-26,3528,3681.18,153.18,95.66
01F2089S,2024-05-27,2024-07-28,3667,3839.84,172.84,95.29
01F2089S,2024-07-29,2024-09-25,3456,3581.47,125.47,96.37
01F2089S,2024-09-26,2024-11-26,3655,3673.71,18.71,99.49
01F2249S,2024-04-12,2024-06-12,3350,3701.48,351.48,89.51
01F2249S,2024-06-13,2024-08-13,3535,3780.99,245.99,93.04
01F2249S,2024-08-14,2024-10-14,3466,3754.63,288.63,91.67
01F2249S,2024-10-15,2024-12-12,3146,3434.27,288.27,90.84
03F2899S,2024-03-04,2024-05-05,3224,3497.95,273.95,91.5
03F2899S,2024-05-06,2024-07-02,3177,3250.74,73.74,97.68
03F2899S,2024-07-03,2024-09-03,3211,3556.55,345.55,89.24
03F2899S,2024-09-04,2024-11-04,3231,3457.7,226.7,92.98
03F2923S,2024-03-05,2024-05-06,3524,3497.95,-26.05,99.26
03F2923S,2024-05-07,2024-07-03,2984,3251.69,267.69,91.03
03F2923S,2024-07-04,2024-09-04,3155,3556.31,401.31,87.28
03F2923S,2024-09-05,2024-11-05,3156,3456.01,300.01,90.49
03F2985N,2024-04-29,2024-06-26,3076,3300.56,224.56,92.7
03F2985N,2024-06-27,2024-08-28,3249,3557.3,308.3,90.51
03F2985N,2024-08-29,2024-10-29,3224,3466.58,242.58,92.48
03F2985N,2024-10-30,2024-12-26,2808,3137.72,329.72,88.26
01F2514N,2024-04-02,2024-06-03,3564,3529.72,-34.28,99.04
01F2514N,2024-06-04,2024-08-05,3537,3600.21,63.21,98.21
01F2514N,2024-08-06,2024-10-03,3363,3359.48,-3.52,99.9
01F2514N,2024-10-04,2024-12-04,3242,3424.49,182.49,94.37
01F2674S,2024-04-03,2024-06-04,3430,3501.75,71.75,97.91
01F2674S,2024-06-05,2024-08-06,3505,3557.71,52.71,98.5
01F2674S,2024-08-07,2024-10-06,3781,3431.7,-349.3,90.76
01F2674S,2024-10-07,2024-12-05,2985,3291.63,306.63,89.73
01F2714S,2024-03-06,2024-05-07,3885,3899.57,14.57,99.63
01F2714S,2024-05-08,2024-07-04,3490,3635.38,145.38,95.83
01F2714S,2024-07-05,2024-09-05,3791,3981.19,190.19,94.98
01F2714S,2024-09-06,2024-11-06,3700,3855.65,155.65,95.79
01F2603N,2024-03-08,2024-05-09,3476,3497.95,21.95,99.37
01F2603N,2024-05-10,2024-07-08,3318,3367.49,49.49,98.51
01F2603N,2024-07-09,2024-09-09,3508,3555.15,47.15,98.66
01F2603N,2024-09-10,2024-11-10,3363,3447.52,84.52,97.49
03F2840S,2024-04-12,2024-06-12,3251,3453.83,202.83,93.76
03F2840S,2024-06-13,2024-08-13,3338,3501.11,163.11,95.11
03F2840S,2024-08-14,2024-10-14,3332,3480.65,148.65,95.54
03F2840S,2024-10-15,2024-12-12,3125,3221.82,96.82,96.9
01F3252N,2024-03-14,2024-05-15,3726,3690.59,-35.41,99.05
01F3252N,2024-05-16,2024-07-14,3468,3574.77,106.77,96.92
01F3252N,2024-07-15,2024-09-15,3794,3768.25,-25.75,99.32
01F3252N,2024-09-16,2024-11-14,3586,3527.3,-58.7,98.36
01F3286N,2024-03-06,2024-05-07,3779,3690.59,-88.41,97.66
01F3286N,2024-05-08,2024-07-04,3490,3441.14,-48.86,98.6
01F3286N,2024-07-05,2024-09-05,3819,3773.82,-45.18,98.82
01F3286N,2024-09-06,2024-11-06,3712,3663.59,-48.41,98.7
01F3227N,2024-03-05,2024-05-06,3750,3690.59,-59.41,98.42
01F3227N,2024-05-07,2024-07-03,3434,3439.5,5.5,99.84
01F3227N,2024-07-04,2024-09-04,3771,3774.38,3.38,99.91
01F3227N,2024-09-05,2024-11-05,3670,3665.71,-4.29,99.88
01F3185N,2024-04-02,2024-06-03,3702,3694.28,-7.72,99.79
01F3185N,2024-06-04,2024-08-05,3736,3780.18,44.18,98.82
01F3185N,2024-08-06,2024-10-03,3469,3517.93,48.93,98.59
01F3185N,2024-10-04,2024-12-04,3565,3601.22,36.22,98.98
03F3670S,2024-04-15,2024-06-13,3083,3530.83,447.83,85.47
03F3670S,2024-06-14,2024-08-14,3149,3718.99,569.99,81.9
03F3670S,2024-08-15,2024-10-15,3231,3688.06,457.06,85.85
03F3670S,2024-10-16,2024-12-15,2920,3512.68,592.68,79.7
03F3445S,2024-02-27,2024-05-02,3369,3866.33,497.33,85.24
03F3445S,2024-05-03,2024-07-01,3197,3553.37,356.37,88.85
03F3445S,2024-07-02,2024-09-02,3382,3775.49,393.49,88.37
03F3445S,2024-09-03,2024-11-03,3298,3669.94,371.94,88.72
03F3445S,2024-11-04,2024-12-29,2754,3184.48,430.48,84.37
03F3392N,2024-04-10,2024-06-10,3402,3644.3,242.3,92.88
03F3392N,2024-06-11,2024-08-11,3442,3719.45,277.45,91.94
03F3392N,2024-08-12,2024-10-10,3259,3572.43,313.43,90.38
03F3392N,2024-10-11,2024-12-10,3322,3526.14,204.14,93.85
01F3126S,2024-03-19,2024-05-20,3413,3690.59,277.59,91.87
01F3126S,2024-05-21,2024-07-17,3363,3462.54,99.54,97.04
01F3126S,2024-07-18,2024-09-19,3598,3826.25,228.25,93.66
01F3126S,2024-09-20,2024-11-19,3438,3576.37,138.37,95.98
01F3559N,2024-04-26,2024-06-25,2249,3169.03,920.03,59.09
01F3559N,2024-06-26,2024-08-27,2354,3303.0,949.0,59.69
01F3559N,2024-08-28,2024-10-28,2307,3221.08,914.08,60.38
01F3559N,2024-10-29,2024-12-25,2069,2912.72,843.72,59.22
01F3561S,2024-04-26,2024-06-25,2325,3169.03,844.03,63.7
01F3561S,2024-06-26,2024-08-27,2444,3303.0,859.0,64.85
01F3561S,2024-08-28,2024-10-28,2380,3221.08,841.08,64.66
01F3561S,2024-10-29,2024-12-25,2122,2912.72,790.72,62.74
01F3535S,2024-04-01,2024-05-29,3608,3041.62,-566.38,84.3
01F3535S,2024-05-30,2024-08-04,3958,3517.4,-440.6,88.87
01F3535S,2024-08-05,2024-10-02,3661,3081.69,-579.31,84.18
01F3535S,2024-10-03,2024-12-03,3518,3162.88,-355.12,89.91
01F3460S,2024-04-03,2024-06-04,3512,3251.72,-260.28,92.59
01F3460S,2024-06-05,2024-08-06,3579,3308.7,-270.3,92.45
01F3460S,2024-08-07,2024-10-06,3470,3183.53,-286.47,91.74
01F3460S,2024-10-07,2024-12-05,3346,3055.73,-290.27,91.32
01F3366S,2024-04-03,2024-06-04,3713,3695.51,-17.49,99.53
01F3366S,2024-06-05,2024-08-06,3836,3780.03,-55.97,98.54
01F3366S,2024-08-07,2024-10-06,3505,3635.03,130.03,96.29
01F3366S,2024-10-07,2024-12-05,3581,3480.68,-100.32,97.2
03F3743S,2024-03-12,2024-05-13,3272,3247.84,-24.16,99.26
03F3743S,2024-05-14,2024-07-10,3154,3029.36,-124.64,96.05
03F3743S,2024-07-11,2024-09-11,3614,3298.55,-315.45,91.27
03F3743S,2024-09-12,2024-11-12,3586,3199.26,-386.74,89.22
03F4259N,2024-04-17,2024-06-17,1980,2299.73,319.73,83.85
03F4259N,2024-06-18,2024-08-18,2015,2347.47,332.47,83.5
03F4259N,2024-08-19,2024-10-17,1900,2253.57,353.57,81.39
03F4259N,2024-10-18,2024-12-17,1915,2228.12,313.12,83.65
03F4263S,2024-04-17,2024-06-17,1936,2299.73,363.73,81.21
03F4263S,2024-06-18,2024-08-18,1925,2347.47,422.47,78.05
03F4263S,2024-08-19,2024-10-17,1947,2253.57,306.57,84.25
03F4263S,2024-10-18,2024-12-17,1879,2228.12,349.12,81.42
03F4232S,2024-03-14,2024-05-15,3107,2319.69,-787.31,74.66
03F4232S,2024-05-16,2024-07-14,2822,2255.11,-566.89,79.91
03F4232S,2024-07-15,2024-09-15,3051,2380.15,-670.85,78.01
03F4232S,2024-09-16,2024-11-14,2919,2231.94,-687.06,76.46
03F4168N,2024-04-29,2024-06-26,1977,2198.19,221.19,88.81
03F4168N,2024-06-27,2024-08-28,2199,2384.26,185.26,91.58
03F4168N,2024-08-29,2024-10-29,2097,2322.66,225.66,89.24
03F4168N,2024-10-30,2024-12-26,1913,2103.2,190.2,90.06
03F4168S,2024-04-29,2024-06-26,2001,2198.19,197.19,90.15
03F4168S,2024-06-27,2024-08-28,2167,2384.26,217.26,89.97
03F4168S,2024-08-29,2024-10-29,2080,2322.66,242.66,88.33
03F4168S,2024-10-30,2024-12-26,1940,2103.2,163.2,91.59
03F4021N,2024-03-13,2024-05-14,2097,2319.69,222.69,89.38
03F4021N,2024-05-15,2024-07-11,1945,2178.01,233.01,88.02
03F4021N,2024-07-12,2024-09-12,2115,2380.94,265.94,87.43
03F4021N,2024-09-13,2024-11-13,2033,2308.38,275.38,86.45
03F3981S,2024-04-01,2024-05-29,1684,2172.41,488.41,71.0
03F3981S,2024-05-30,2024-08-04,1825,2535.99,710.99,61.04
03F3981S,2024-08-05,2024-10-02,1706,2223.77,517.77,69.65
03F3981S,2024-10-03,2024-12-03,1667,2286.1,619.1,62.86
03F3984N,2024-04-01,2024-05-29,1876,2172.41,296.41,84.2
03F3984N,2024-05-30,2024-08-04,1967,2535.99,568.99,71.07
03F3984N,2024-08-05,2024-10-02,1803,2223.77,420.77,76.66
03F3984N,2024-10-03,2024-12-03,1778,2286.1,508.1,71.42
03F4018S,2024-03-08,2024-05-09,2201,2319.69,118.69,94.61
03F4018S,2024-05-10,2024-07-08,2063,2248.19,185.19,91.02
03F4018S,2024-07-09,2024-09-09,2205,2381.74,176.74,91.98
03F4018S,2024-09-10,2024-11-10,2115,2311.43,196.43,90.71
03F3916S,2024-03-13,2024-05-14,3397,3484.43,87.43,97.43
03F3916S,2024-05-15,2024-07-11,3213,3267.17,54.17,98.31
03F3916S,2024-07-12,2024-09-12,3442,3568.99,126.99,96.31
03F3916S,2024-09-13,2024-11-13,3349,3477.67,128.67,96.16
01F0248S,2024-03-05,2024-05-06,2634,3053.54,419.54,84.07
01F0248S,2024-05-07,2024-07-03,2498,2840.39,342.39,86.29
01F0248S,2024-07-04,2024-09-04,2697,3132.61,435.61,83.85
01F0248S,2024-09-05,2024-11-05,2656,3031.95,375.95,85.85
03F0136S,2024-04-10,2024-06-10,2378,2543.08,165.08,93.06
03F0136S,2024-06-11,2024-08-11,2446,2600.78,154.78,93.67
03F0136S,2024-08-12,2024-10-10,2349,2500.42,151.42,93.55
03F0136S,2024-10-11,2024-12-10,2273,2431.02,158.02,93.05
03F0140N,2024-04-10,2024-06-10,2177,2543.08,366.08,83.18
03F0140N,2024-06-11,2024-08-11,2255,2600.78,345.78,84.67
03F0140N,2024-08-12,2024-10-10,2158,2500.42,342.42,84.13
03F0140N,2024-10-11,2024-12-10,2111,2431.02,320.02,84.84
03F0158S,2024-04-11,2024-06-11,2523,2543.62,20.62,99.18
03F0158S,2024-06-12,2024-08-12,2637,2601.15,-35.85,98.64
03F0158S,2024-08-13,2024-10-13,2589,2581.27,-7.73,99.7
03F0158S,2024-10-14,2024-12-11,2357,2347.7,-9.3,99.61
03F0150N,2024-04-12,2024-06-12,2368,2622.21,254.21,89.26
03F0150N,2024-06-13,2024-08-13,2463,2677.77,214.77,91.28
03F0150N,2024-08-14,2024-10-14,2461,2657.0,196.0,92.04
03F0150N,2024-10-15,2024-12-12,2218,2420.13,202.13,90.89
05F0001N,2024-04-15,2024-06-13,1951,2573.98,622.98,68.07
05F0001N,2024-06-14,2024-08-14,2094,2720.98,626.98,70.06
05F0001N,2024-08-15,2024-10-15,2072,2698.03,626.03,69.79
05F0001N,2024-10-16,2024-12-15,1924,2602.55,678.55,64.73
05F0000S,2024-04-15,2024-06-13,2064,2573.98,509.98,75.29
05F0000S,2024-06-14,2024-08-14,2295,2720.98,425.98,81.44
05F0000S,2024-08-15,2024-10-15,2040,2698.03,658.03,67.74
05F0000S,2024-10-16,2024-12-15,2019,2602.55,583.55,71.1
01F0147N,2024-04-02,2024-06-03,3219,2797.67,-421.33,86.91
01F0147N,2024-06-04,2024-08-05,3305,2884.37,-420.63,87.27
01F0147N,2024-08-06,2024-10-03,3061,2691.96,-369.04,87.94
01F0147N,2024-10-04,2024-12-04,3074,2684.18,-389.82,87.32
01H0163S,2024-04-18,2024-06-18,2085,2768.92,683.92,67.2
01H0163S,2024-06-19,2024-08-19,2161,2846.31,685.31,68.29
01H0163S,2024-08-20,2024-10-20,2130,2803.51,673.51,68.38
01H0163S,2024-10-21,2024-12-18,1938,2527.92,589.92,69.56
01H0174N,2024-04-26,2024-06-25,2132,2731.85,599.85,71.86
01H0174N,2024-06-26,2024-08-27,2267,2895.9,628.9,72.26
01H0174N,2024-08-28,2024-10-28,2180,2791.18,611.18,71.96
01H0174N,2024-10-29,2024-12-25,1956,2471.99,515.99,73.62
01F0182S,2024-03-04,2024-05-05,2239,2407.2,168.2,92.49
01F0182S,2024-05-06,2024-07-02,2106,2218.69,112.69,94.65
01F0182S,2024-07-03,2024-09-03,2352,2457.91,105.91,95.5
01F0182S,2024-09-04,2024-11-04,2232,2387.01,155.01,93.05
03F2153N,2024-04-18,2024-06-18,4812,2560.0,-2252.0,53.2
03F2153N,2024-06-19,2024-08-19,5070,2601.89,-2468.11,51.32
03F2153N,2024-08-20,2024-10-20,5002,2568.75,-2433.25,51.35
03F2153N,2024-10-21,2024-12-18,4564,2378.36,-2185.64,52.11
03F2235S,2024-04-01,2024-05-29,2306,2623.18,317.18,86.25
03F2235S,2024-05-30,2024-08-04,2711,3072.27,361.27,86.67
03F2235S,2024-08-05,2024-10-02,2372,2701.2,329.2,86.12
03F2235S,2024-10-03,2024-12-03,2426,2739.55,313.55,87.08
03F2231N,2024-04-01,2024-05-29,2481,2623.18,142.18,94.27
03F2231N,2024-05-30,2024-08-04,3002,3072.27,70.27,97.66
03F2231N,2024-08-05,2024-10-02,2630,2701.2,71.2,97.29
03F2231N,2024-10-03,2024-12-03,2620,2739.55,119.55,95.44
03F2260N,2024-04-09,2024-06-06,4321,2965.56,-1355.44,68.63
03F2260N,2024-06-07,2024-08-08,4671,3225.33,-1445.67,69.05
03F2260N,2024-08-09,2024-10-08,4351,3113.35,-1237.65,71.55
03F2260N,2024-10-09,2024-12-09,4145,3068.22,-1076.78,74.02
03F2415S,2024-04-17,2024-06-17,3224,3125.5,-98.5,96.94
03F2415S,2024-06-18,2024-08-18,3374,3176.95,-197.05,94.16
03F2415S,2024-08-19,2024-10-17,3256,3053.99,-202.01,93.8
03F2415S,2024-10-18,2024-12-17,3115,2997.86,-117.14,96.24
03F2447S,2024-03-19,2024-05-20,706,3161.13,2455.13,-247.75
03F2447S,2024-05-21,2024-07-17,559,2954.94,2395.94,-328.61
03F2447S,2024-07-18,2024-09-19,88,3277.55,3189.55,-3524.49
03F2447S,2024-09-20,2024-11-19,40,3059.51,3019.51,-7448.77
03F2100S,2024-04-10,2024-06-10,2305,3234.77,929.77,59.66
03F2100S,2024-06-11,2024-08-11,2385,3330.62,945.62,60.35
03F2100S,2024-08-12,2024-10-10,2266,3187.86,921.86,59.32
03F2100S,2024-10-11,2024-12-10,2201,3109.98,908.98,58.7
03F2100N,2024-04-10,2024-06-10,2347,3234.77,887.77,62.17
03F2100N,2024-06-11,2024-08-11,2444,3330.62,886.62,63.72
03F2100N,2024-08-12,2024-10-10,2328,3187.86,859.86,63.06
03F2100N,2024-10-11,2024-12-10,2262,3109.98,847.98,62.51
03F2125N,2024-04-11,2024-06-11,2581,3063.04,482.04,81.32
03F2125N,2024-06-12,2024-08-12,2723,3117.05,394.05,85.53
03F2125N,2024-08-13,2024-10-13,2689,3106.62,417.62,84.47
03F2125N,2024-10-14,2024-12-11,2457,2869.17,412.17,83.22
03F2129S,2024-04-11,2024-06-11,2615,3063.04,448.04,82.87
03F2129S,2024-06-12,2024-08-12,2786,3117.05,331.05,88.12
03F2129S,2024-08-13,2024-10-13,2749,3106.62,357.62,86.99
03F2129S,2024-10-14,2024-12-11,2480,2869.17,389.17,84.31
01F3696N,2024-03-11,2024-05-12,2722,2890.51,168.51,93.81
01F3696N,2024-05-13,2024-07-09,2619,2699.69,80.69,96.92
01F3696N,2024-07-10,2024-09-10,2759,2937.3,178.3,93.54
01F3696N,2024-09-11,2024-11-11,2669,2853.11,184.11,93.1
01F3686S,2024-04-16,2024-06-16,2540,2860.42,320.42,87.39
01F3686S,2024-06-17,2024-08-15,2703,2806.46,103.46,96.17
01F3686S,2024-08-16,2024-10-16,2669,2875.72,206.72,92.25
01F3686S,2024-10-17,2024-12-16,2551,2748.31,197.31,92.27
01F3736S,2024-03-28,2024-05-28,2789,3203.1,414.1,85.15
01F3736S,2024-05-29,2024-08-01,2973,3412.48,439.48,85.22
01F3736S,2024-08-02,2024-10-01,2774,3184.78,410.78,85.19
01F3736S,2024-10-02,2024-12-02,2757,3159.16,402.16,85.41
03F2614S,2024-04-11,2024-06-11,3313,3481.87,168.87,94.9
03F2614S,2024-06-12,2024-08-12,3220,3544.19,324.19,89.93
03F2614S,2024-08-13,2024-10-13,3297,3519.39,222.39,93.25
03F2614S,2024-10-14,2024-12-11,3253,3240.68,-12.32,99.62
03F2709S,2024-03-11,2024-05-12,3227,3526.67,299.67,90.71
03F2709S,2024-05-13,2024-07-09,3062,3288.98,226.98,92.59
03F2709S,2024-07-10,2024-09-10,3209,3600.0,391.0,87.82
03F2709S,2024-09-11,2024-11-11,3130,3474.95,344.95,88.98
03F2747N,2024-04-10,2024-06-10,3165,3480.86,315.86,90.02
03F2747N,2024-06-11,2024-08-11,3534,3544.05,10.05,99.72
03F2747N,2024-08-12,2024-10-10,3375,3408.57,33.57,99.01
03F2747N,2024-10-11,2024-12-10,3314,3354.91,40.91,98.77
03F2777N,2024-04-11,2024-06-11,3280,3481.87,201.87,93.85
03F2777N,2024-06-12,2024-08-12,3369,3544.19,175.19,94.8
03F2777N,2024-08-13,2024-10-13,3212,3519.39,307.39,90.43
03F2777N,2024-10-14,2024-12-11,3183,3240.68,57.68,98.19
03F2535S,2024-04-11,2024-06-11,3328,3120.37,-207.63,93.76
03F2535S,2024-06-12,2024-08-12,3261,3175.36,-85.64,97.37
03F2535S,2024-08-13,2024-10-13,3183,3160.17,-22.83,99.28
03F2535S,2024-10-14,2024-12-11,2932,2912.02,-19.98,99.32
01F2322S,2024-03-07,2024-05-08,3378,3526.67,148.67,95.6
01F2322S,2024-05-09,2024-07-07,3045,3398.33,353.33,88.4
01F2322S,2024-07-08,2024-09-08,3406,3600.82,194.82,94.28
01F2322S,2024-09-09,2024-11-07,3332,3369.75,37.75,98.87
01F2472S,2024-04-18,2024-06-18,3321,3488.99,167.99,94.94
01F2472S,2024-06-19,2024-08-19,3477,3545.16,68.16,98.04
01F2472S,2024-08-20,2024-10-20,3280,3511.33,231.33,92.95
01F2472S,2024-10-21,2024-12-18,3222,3224.82,2.82,99.91
01F2827S,2024-04-17,2024-06-17,3117,3458.58,341.58,89.04
01F2827S,2024-06-18,2024-08-18,3293,3501.01,208.01,93.68
01F2827S,2024-08-19,2024-10-17,3232,3364.93,132.93,95.89
01F2827S,2024-10-18,2024-12-17,3159,3322.65,163.65,94.82
01F2866S,2024-04-17,2024-06-17,3413,3458.58,45.58,98.66
01F2866S,2024-06-18,2024-08-18,3397,3501.01,104.01,96.94
01F2866S,2024-08-19,2024-10-17,3374,3364.93,-9.07,99.73
01F2866S,2024-10-18,2024-12-17,3229,3322.65,93.65,97.1
03F3259S,2024-03-15,2024-05-16,3424,3497.95,73.95,97.84
03F3259S,2024-05-17,2024-07-15,3240,3374.15,134.15,95.86
03F3259S,2024-07-16,2024-09-17,3425,3609.77,184.77,94.61
03F3259S,2024-09-18,2024-11-17,3237,3379.41,142.41,95.6
03F3307N,2024-04-17,2024-06-17,3408,3652.91,244.91,92.81
03F3307N,2024-06-18,2024-08-18,3464,3718.38,254.38,92.66
03F3307N,2024-08-19,2024-10-17,3302,3567.28,265.28,91.97
03F3307N,2024-10-18,2024-12-17,3241,3507.29,266.29,91.78
01F3083N,2024-04-29,2024-06-26,3468,3488.22,20.22,99.42
01F3083N,2024-06-27,2024-08-28,3675,3776.65,101.65,97.23
01F3083N,2024-08-29,2024-10-29,3476,3677.76,201.76,94.2
01F3083N,2024-10-30,2024-12-26,3184,3306.3,122.3,96.16
01F3019N,2024-03-28,2024-05-28,3495,3632.01,137.01,96.08
01F3019N,2024-05-29,2024-08-01,3716,3896.73,180.73,95.14
01F3019N,2024-08-02,2024-10-01,3611,3638.71,27.71,99.23
01F3019N,2024-10-02,2024-12-02,3486,3606.6,120.6,96.54
03F3187N,2024-04-01,2024-05-29,3148,3275.85,127.85,95.94
03F3187N,2024-05-30,2024-08-04,3340,3781.74,441.74,86.77
03F3187N,2024-08-05,2024-10-02,3244,3322.55,78.55,97.58
03F3187N,2024-10-03,2024-12-03,3141,3406.75,265.75,91.54
03F3211S,2024-04-02,2024-06-03,3492,3500.8,8.8,99.75
03F3211S,2024-06-04,2024-08-05,3409,3557.73,148.73,95.64
03F3211S,2024-08-06,2024-10-03,3233,3321.61,88.61,97.26
03F3211S,2024-10-04,2024-12-04,3279,3404.71,125.71,96.17
01F2930S,2024-04-18,2024-06-18,3428,3459.53,31.53,99.08
01F2930S,2024-06-19,2024-08-19,3539,3500.99,-38.01,98.93
01F2930S,2024-08-20,2024-10-20,3255,3475.02,220.02,93.24
01F2930S,2024-10-21,2024-12-18,3225,3209.57,-15.43,99.52
03F3101N,2024-04-26,2024-06-25,3448,3410.66,-37.34,98.92
03F3101N,2024-06-26,2024-08-27,3448,3557.32,109.32,96.83
03F3101N,2024-08-28,2024-10-28,3448,3467.51,19.51,99.43
03F3101N,2024-10-29,2024-12-25,1540,3139.76,1599.76,-3.88
01F1123N,2024-04-01,2024-05-29,3245,3286.58,41.58,98.72
01F1123N,2024-05-30,2024-08-04,3889,3864.24,-24.76,99.36
01F1123N,2024-08-05,2024-10-02,3266,3371.0,105.0,96.79
01F1123N,2024-10-03,2024-12-03,3298,3407.97,109.97,96.67
03F1161N,2024-03-08,2024-05-09,3299,3509.4,210.4,93.62
03F1161N,2024-05-10,2024-07-08,3255,3407.09,152.09,95.33
03F1161N,2024-07-09,2024-09-09,3469,3643.75,174.75,94.96
03F1161N,2024-09-10,2024-11-10,3310,3454.39,144.39,95.64
03F1128S,2024-03-13,2024-05-14,3223,3602.39,379.39,88.23
03F1128S,2024-05-15,2024-07-11,3177,3365.74,188.74,94.06
03F1128S,2024-07-12,2024-09-12,3460,3688.7,228.7,93.39
03F1128S,2024-09-13,2024-11-13,3247,3518.44,271.44,91.64
01F1292S,2024-04-11,2024-06-11,3360,3470.01,110.01,96.73
01F1292S,2024-06-12,2024-08-12,3180,3587.05,407.05,87.2
01F1292S,2024-08-13,2024-10-13,3134,3518.39,384.39,87.73
01F1292S,2024-10-14,2024-12-11,3685,3224.48,-460.52,87.5
01F1389S,2024-03-06,2024-05-07,3438,3509.4,71.4,97.92
01F1389S,2024-05-08,2024-07-04,3231,3285.53,54.53,98.31
01F1389S,2024-07-05,2024-09-05,3640,3650.54,10.54,99.71
01F1389S,2024-09-06,2024-11-06,3468,3462.2,-5.8,99.83
03F1332N,2024-04-03,2024-06-04,3160,3515.33,355.33,88.76
03F1332N,2024-06-05,2024-08-06,3252,3639.9,387.9,88.07
03F1332N,2024-08-07,2024-10-06,2994,3477.24,483.24,83.86
03F1332N,2024-10-07,2024-12-05,3038,3292.7,254.7,91.62
01F1465N,2024-03-26,2024-05-26,3297,3453.69,156.69,95.25
01F1465N,2024-05-27,2024-07-28,3726,3624.98,-101.02,97.29
01F1465N,2024-07-29,2024-09-25,3239,3383.61,144.61,95.54
01F1465N,2024-09-26,2024-11-26,3325,3423.16,98.16,97.05
03F1257N,2024-04-10,2024-06-10,3349,3468.53,119.53,96.43
03F1257N,2024-06-11,2024-08-11,3524,3586.33,62.33,98.23
03F1257N,2024-08-12,2024-10-10,3224,3409.75,185.75,94.24
03F1257N,2024-10-11,2024-12-10,3100,3337.63,237.63,92.33
03F1215N,2024-04-10,2024-06-10,3117,3468.53,351.53,88.72
03F1215N,2024-06-11,2024-08-11,3478,3586.33,108.33,96.89
03F1215N,2024-08-12,2024-10-10,3357,3409.75,52.75,98.43
03F1215N,2024-10-11,2024-12-10,3300,3337.63,37.63,98.86
03F1395S,2024-03-25,2024-05-23,3645,3342.28,-302.72,91.7
03F1395S,2024-05-24,2024-07-25,3729,3617.36,-111.64,97.01
03F1395S,2024-07-26,2024-09-24,3414,3501.8,87.8,97.43
03F1395S,2024-09-25,2024-11-25,3218,3425.11,207.11,93.56
03F1485S,2024-02-27,2024-05-02,3458,3676.51,218.51,93.68
03F1485S,2024-05-03,2024-07-01,3240,3389.32,149.32,95.39
03F1485S,2024-07-02,2024-09-02,3371,3655.64,284.64,91.56
03F1485S,2024-09-03,2024-11-03,3315,3468.06,153.06,95.38
03F1485S,2024-11-04,2024-12-29,2969,3022.59,53.59,98.2
